SMPLID	Mophological.cluster.G4_0	Mophological.cluster.G4_1	Mophological.cluster.G4_2	Mophological.cluster.G4_3	Mophological.cluster.G4_4	Mophological.cluster.G4_5	Mophological.cluster.G4_6	Mophological.cluster.G4_7	Mophological.cluster.G4_8	Mophological.cluster.G4_9	Mophological.cluster.G4_10	Mophological.cluster.G4_11	Mophological.cluster.G4_12	Mophological.cluster.G4_13	Mophological.cluster.G4_14	Mophological.cluster.G4_15	Mophological.cluster.G4_16	Mophological.cluster.G4_17	Mophological.cluster.G4_18	Mophological.cluster.G4_19	Mophological.cluster.G4_20	Mophological.cluster.G4_21	Mophological.cluster.G4_22	Mophological.cluster.G4_23	Mophological.cluster.G4_24	Mophological.cluster.G4_25	Mophological.cluster.G4_26	Mophological.cluster.G4_27	Mophological.cluster.G4_28	Mophological.cluster.G4_29	Mophological.cluster.G4_30	Mophological.cluster.G4_31
GTEX.1128S.2626	646	1053	165	21	314	405	992	323	1476	678	892	235	24	561	138	193	897	411	85	903	861	440	129	249	651	470	169	499	197	98	167	1547
GTEX.113JC.2826	663	386	35	22	109	297	491	135	13	129	3920	468	12	542	583	1685	48	134	11	287	384	450	17	209	724	1749	119	69	126	8	45	1132
GTEX.117XS.2926	205	92	192	117	0	134	87	120	42	233	1	22	106	7	23	3	97	97	411	65	31	62	178	10	8	4	21	9	38	100	152	60
GTEX.117YW.2826	96	315	506	139	34	192	62	191	25	900	634	162	103	72	431	77	63	813	37	427	82	75	1	149	36	535	753	26	42	323	109	750
GTEX.1192W.3026	1	194	52	89	1	282	441	176	41	1062	1177	324	255	215	1113	259	109	35	231	561	181	93	111	42	11	55	25	20	769	358	543	164
GTEX.1192X.3026	156	24	203	232	181	329	309	162	257	433	113	10	117	247	144	256	686	88	217	158	47	155	203	341	1287	245	18	161	377	275	171	1059
GTEX.11DXW.1226	139	11	32	7	3	61	14	35	237	39	224	19	0	0	41	366	128	293	8	34	8	16	46	23	278	232	48	15	238	38	15	304
GTEX.11DXY.3026	256	115	371	172	33	176	139	159	59	124	1	78	50	56	32	19	170	151	49	88	63	74	80	9	716	122	226	5	136	72	133	426
GTEX.11DYG.3126	19	213	24	119	3	181	106	92	228	76	0	651	288	66	26	2	3	5	99	99	338	72	0	61	0	3	205	94	15	92	132	2
GTEX.11EI6.3126	10	11	31	325	0	24	62	107	4	31	1	0	233	4	42	1	6	81	146	13	2	9	7	6	0	10	0	2	43	31	211	4
GTEX.11EMC.3126	79	41	415	192	33	343	461	247	136	565	303	3	198	227	268	140	481	1071	245	1204	203	202	54	42	137	147	62	37	210	637	376	639
GTEX.11GS4.3026	595	199	909	287	69	438	333	239	236	261	898	596	49	173	589	53	90	866	3	852	138	191	2	54	94	2031	1242	63	5	2046	121	379
GTEX.11GSO.2826	39	305	97	692	128	297	965	458	148	199	0	4	843	497	312	15	48	778	63	217	154	299	77	70	12	250	233	147	49	859	798	57
GTEX.11GSP.3026	9	915	406	228	0	134	138	160	1	280	2	8	291	12	23	1	289	71	508	38	33	42	122	44	24	0	142	25	9	94	370	32
GTEX.11NUK.3126	103	0	19	159	11	183	118	24	2	141	141	0	458	38	264	9	15	144	267	232	14	52	36	11	2	28	0	2	122	109	250	12
GTEX.11NV4.2326	138	0	43	332	12	151	53	0	29	169	12	0	370	53	168	5	30	78	148	189	6	57	44	3	1	16	0	2	77	606	45	5
GTEX.11O72.3026	132	0	28	45	23	12	10	29	2	43	132	0	35	72	419	55	1	245	1	43	9	68	0	14	0	141	0	14	88	105	28	16
GTEX.11OF3.3026	116	94	16	470	1	75	241	101	40	41	5	3	399	181	135	2	0	30	74	3	43	109	8	13	0	7	287	13	56	42	221	2
GTEX.11ONC.2826	416	178	817	311	20	262	100	12	9	109	42	82	96	45	32	0	5	1173	9	190	61	64	0	61	5	180	2	10	11	276	38	235
GTEX.11TUW.3026	293	1	493	183	7	263	81	174	30	180	9	0	178	22	56	26	88	622	285	244	132	74	165	25	122	51	0	4	50	688	203	48
GTEX.11WQK.3226	346	20	25	48	1	21	130	23	7	11	0	0	72	18	4	0	63	38	254	0	2	14	109	11	72	6	4	5	34	1	289	30
GTEX.11ZTS.3326	44	261	414	14	12	190	261	116	67	123	11	298	17	119	38	56	246	148	17	92	1243	201	51	62	397	126	111	12	57	91	28	612
GTEX.11ZUS.3026	14	48	44	348	0	78	42	217	19	24	0	11	421	1	24	1	33	247	356	109	76	22	125	11	2	1	9	9	79	125	250	0
GTEX.11ZVC.3226	77	459	21	33	15	55	155	138	11	191	20	5	159	15	136	51	137	141	147	17	31	72	38	25	52	118	283	0	76	1	226	130
GTEX.12126.1126	204	9	358	65	186	77	108	14	8	9	88	0	1	263	29	15	0	403	4	8	79	197	0	112	1	725	3	112	44	59	4	107
GTEX.1212Z.2926	150	666	435	268	4	293	67	62	49	343	2	1	206	148	41	0	283	380	128	423	40	61	141	67	307	15	109	11	19	635	79	188
GTEX.12584.3126	156	1024	731	180	22	139	64	73	26	178	1	322	16	84	42	42	311	596	45	42	139	158	95	44	2163	56	42	24	105	233	39	854
GTEX.12696.3126	105	65	53	189	208	244	613	329	37	20	3	42	184	877	104	0	1	388	66	6	88	245	6	154	4	25	184	307	41	2	244	44
GTEX.1269C.3226	44	1	85	19	47	87	46	59	7	102	622	0	7	179	255	35	12	319	0	268	51	125	1	37	1	279	0	8	20	327	33	38
GTEX.12WSC.3126	3	83	1	129	5	45	135	34	1	11	7	0	518	222	235	0	0	36	10	24	14	112	0	30	0	6	0	13	13	16	162	0
GTEX.12WSD.3226	77	282	29	80	1	416	170	124	8	205	1	88	236	44	44	5	210	111	339	267	191	125	383	72	308	43	110	103	100	71	196	131
GTEX.12WSE.3126	38	0	29	345	0	82	6	157	241	81	10	0	144	0	515	143	33	35	41	41	9	18	12	8	2	40	0	23	716	220	210	1
GTEX.12WSF.3026	0	108	1	34	1	21	263	41	2	12	0	88	59	6	16	0	7	2	105	6	108	40	22	5	0	0	20	2	35	3	58	1
GTEX.12WSH.2926	180	136	190	246	20	99	97	127	112	320	4	58	148	123	139	67	299	48	80	43	30	102	36	18	16	27	252	7	124	532	45	19
GTEX.12WSM.2226	22	95	19	306	6	163	147	17	3	39	0	0	203	144	9	0	28	182	343	92	53	131	495	41	7	2	9	31	78	84	90	20
GTEX.12ZZW.3026	0	17	0	0	58	51	44	135	0	0	0	545	1	54	5	0	0	0	0	6	440	114	0	215	0	2	0	19	0	0	57	0
GTEX.12ZZX.3026	2	44	0	2	0	79	8	142	281	21	87	330	0	0	157	461	12	1	9	30	73	6	29	48	130	474	141	21	270	0	31	32
GTEX.12ZZY.3126	226	123	73	177	0	135	133	72	16	33	0	12	202	9	3	0	25	13	341	40	42	16	132	53	25	9	40	65	193	9	308	8
GTEX.13112.3126	56	18	102	122	4	51	156	82	57	69	0	2	35	343	14	0	34	13	41	12	33	157	24	13	25	2	0	7	16	40	80	137
GTEX.1313W.3226	578	4	307	36	0	119	0	165	100	70	8	60	31	0	53	24	22	372	48	56	103	4	20	50	76	76	26	93	71	109	55	114
GTEX.131XW.3226	7	89	4	56	0	131	44	50	3	73	91	235	156	32	320	73	65	13	54	107	133	42	80	3	26	66	48	4	577	67	144	10
GTEX.131YS.3226	52	74	1	3	1	34	72	119	789	28	28	44	2	117	43	87	27	23	1	0	36	50	3	60	152	132	181	59	38	0	28	436
GTEX.1399T.2926	110	56	1062	194	77	276	67	48	89	565	27	8	43	240	126	95	451	406	31	300	111	153	14	19	177	179	2	54	79	827	91	332
GTEX.139T4.0826	67	9	421	260	3	205	89	190	0	362	251	0	66	30	365	637	76	178	110	91	84	99	21	4	6	226	14	2	223	293	52	108
GTEX.139TS.2926	394	900	69	154	244	191	314	325	2	123	0	99	200	112	9	8	259	276	437	69	241	157	278	61	123	10	285	37	71	50	253	69
GTEX.139TT.2726	0	0	0	344	82	86	370	5	0	0	0	0	846	220	1	0	0	7	105	35	5	66	0	2	0	0	0	18	0	38	276	0
GTEX.13CF2.3226	26	2	25	314	17	23	193	42	1	0	0	0	89	79	0	0	0	20	28	0	8	113	0	7	0	0	3	8	0	1	111	0
GTEX.13FHO.3126	15	0	4	0	145	111	68	54	52	131	837	7	21	83	530	29	1	212	0	232	74	129	0	55	0	170	0	36	33	2	47	78
GTEX.13FHP.3126	20	36	2	54	0	95	17	37	6	26	108	71	54	0	348	44	0	250	0	149	72	6	0	13	0	109	11	13	47	28	78	0
GTEX.13FTY.2826	1051	388	378	30	34	194	250	69	258	112	317	13	45	73	155	161	32	1325	143	153	117	177	151	10	66	471	58	44	178	167	241	494
GTEX.13G51.3226	3	117	0	8	0	191	89	60	0	13	1	8	259	2	52	0	2	2	62	257	33	24	73	19	0	0	13	11	199	0	152	0
GTEX.13IVO.3026	6	29	0	3	0	49	1	34	11	235	0	0	157	0	91	66	74	0	47	7	4	8	7	10	2	0	0	6	320	4	132	0
GTEX.13JUV.2626	24	84	26	118	0	54	11	169	5	97	5	25	291	0	275	13	42	123	43	99	77	5	8	29	6	15	5	0	65	112	193	8
GTEX.13JVG.3026	373	47	450	280	36	212	167	32	214	372	36	0	68	210	32	11	53	862	24	207	14	115	1	26	58	89	20	10	12	142	64	438
GTEX.13N1W.3126	44	0	22	133	0	41	15	3	0	11	2	0	80	1	7	0	0	103	19	27	1	20	0	0	0	15	0	0	6	15	38	0
GTEX.13N2G.2926	817	88	601	229	0	100	4	103	118	324	0	15	78	0	27	38	556	231	114	39	24	2	31	45	513	60	28	3	60	69	186	224
GTEX.13NYS.2926	220	62	650	297	15	139	207	36	41	163	3	55	76	103	32	26	132	245	52	45	194	154	182	13	244	133	9	15	62	256	48	171
GTEX.13NZA.3126	164	628	418	239	255	431	198	77	16	510	46	335	80	371	183	113	44	429	29	440	137	184	14	88	26	419	748	122	32	1429	42	184
GTEX.13O1R.3226	86	366	109	223	21	291	283	203	3	53	0	61	86	133	2	0	26	27	617	39	91	99	630	130	161	3	367	110	25	8	252	123
GTEX.13OVH.3126	126	120	73	127	0	74	89	44	19	56	0	8	247	14	3	0	34	166	200	90	7	18	107	7	8	3	3	1	21	85	148	10
GTEX.13OVJ.2626	96	88	86	31	6	181	59	503	276	251	482	243	32	3	55	60	175	199	52	430	33	25	32	43	358	110	192	77	143	32	106	1461
GTEX.13OVL.3226	8	16	2	62	219	106	100	77	26	13	1072	6	41	180	305	277	0	89	2	60	172	121	0	28	0	653	47	12	253	38	79	33
GTEX.13OW5.2926	1440	160	231	397	16	210	180	46	242	107	13	211	150	90	64	144	133	601	7	81	71	115	14	28	67	402	263	82	129	121	34	115
GTEX.13OW6.3126	47	81	27	202	4	118	72	145	2	33	0	137	158	111	8	0	46	32	328	22	69	85	568	26	280	73	142	50	50	11	126	78
GTEX.13OW7.3126	0	21	0	0	0	14	84	30	0	0	0	66	0	281	0	0	0	0	0	1	624	80	0	10	0	9	0	20	0	0	1	0
GTEX.13OW8.3026	41	29	128	25	14	327	75	42	610	336	916	709	2	59	154	234	475	262	5	435	121	76	37	139	1872	287	77	168	37	141	4	1424
GTEX.13PLJ.1726	67	753	147	158	14	227	257	135	0	340	0	179	208	89	3	0	165	24	955	24	232	67	395	28	15	2	239	24	9	70	244	2
GTEX.13QJC.3326	0	605	0	11	6	103	293	83	1	0	0	41	57	160	2	0	0	1	19	0	168	98	0	362	0	1	281	68	0	0	241	0
GTEX.13RTJ.2926	412	70	56	8	11	226	67	97	61	315	65	308	5	6	95	290	325	276	7	63	39	58	21	19	606	254	363	86	197	14	27	833
GTEX.13SLW.2926	244	553	1135	374	136	168	130	54	98	357	3	633	29	239	30	46	618	200	31	41	131	200	82	139	1526	159	594	45	36	546	34	720
GTEX.13SLX.3026	272	4	8	23	21	158	270	61	8	219	1775	0	69	135	510	366	29	390	43	280	216	103	86	24	132	306	0	8	226	51	82	424
GTEX.13VXU.3126	191	5	600	278	2	204	136	20	159	244	22	61	74	150	17	8	36	602	156	523	82	157	68	29	8	86	0	38	143	704	14	119
GTEX.13X6J.3126	0	9	1	7	9	168	505	30	9	6	0	0	94	129	1	0	0	0	27	38	153	62	0	29	0	0	0	55	0	0	502	0
GTEX.13X6K.3026	73	48	71	102	0	36	8	378	12	24	1	215	169	0	12	3	3	5	30	10	119	7	2	39	5	18	172	25	38	2	265	41
GTEX.1445S.3226	29	135	399	104	0	185	66	56	6	58	2	319	47	3	4	2	57	42	21	66	148	55	13	35	11	6	271	8	4	294	52	42
GTEX.144GL.3126	52	3	168	270	0	136	61	24	5	72	2	0	70	0	16	2	49	262	69	106	59	19	156	3	12	14	0	3	33	252	96	38
GTEX.145LS.3226	9	146	97	55	5	197	206	90	1	94	0	148	61	90	6	0	9	186	28	178	289	152	69	13	18	14	76	10	7	21	51	93
GTEX.145LU.2826	382	120	110	76	6	309	381	57	7	45	6	0	99	68	4	1	37	152	189	220	100	88	268	25	74	139	18	184	75	73	106	91
GTEX.145MF.2626	169	0	824	367	0	141	57	105	13	206	6	0	71	2	15	2	92	768	214	176	8	24	268	6	71	146	0	7	65	320	93	207
GTEX.145MH.3126	4	619	0	60	25	45	215	229	4	1	0	30	90	146	27	0	29	2	117	3	57	112	286	47	7	6	536	7	67	4	150	0
GTEX.145MO.3126	19	75	77	30	2	53	77	3	0	116	1	3	56	13	9	0	97	38	86	55	81	64	127	10	23	0	7	1	24	34	127	48
GTEX.14753.2926	79	313	0	58	2	369	107	92	679	166	1998	555	169	66	787	1318	6	206	5	913	54	87	0	15	3	588	159	63	150	61	105	16
GTEX.1477Z.2826	259	364	816	1060	57	77	58	138	1	27	0	24	95	34	6	2	140	19	132	1	22	73	81	12	322	34	149	20	16	83	93	19
GTEX.147F4.3126	1534	410	57	76	1	283	101	79	1400	296	90	581	57	9	73	70	34	782	37	843	47	14	3	29	28	154	284	65	80	197	98	70
GTEX.147GR.2926	243	365	104	18	72	135	99	136	109	763	39	60	35	44	69	46	417	165	34	870	80	91	123	17	118	14	331	36	57	263	41	94
GTEX.148VJ.2926	56	15	14	27	8	284	144	21	0	142	1469	64	74	103	436	429	9	7	70	714	31	84	187	15	7	180	1	13	923	76	77	18
GTEX.14A5H.3026	35	254	147	138	32	129	175	320	0	44	0	209	63	215	0	0	92	3	483	14	112	201	416	126	61	0	1117	59	6	14	136	21
GTEX.14A5I.3026	286	18	102	62	0	61	0	95	64	128	0	146	122	0	18	0	107	61	208	35	45	10	121	10	120	9	30	22	75	3	103	190
GTEX.14ABY.3126	324	128	47	192	202	373	608	358	188	333	0	87	516	1124	49	4	128	285	1014	284	145	253	382	112	3	28	16	85	91	43	233	9
GTEX.14BIL.2926	341	290	729	33	10	395	79	26	53	967	27	223	8	57	23	156	169	243	22	607	95	84	25	27	100	185	121	93	59	513	15	589
GTEX.14BIM.3226	782	20	42	91	0	139	203	40	267	733	123	1	292	24	550	315	626	113	80	257	63	69	31	24	34	123	2	33	307	190	160	67
GTEX.14BIN.3126	444	327	981	63	1	230	10	44	952	226	21	83	5	4	72	83	293	279	26	205	26	44	60	59	2051	969	521	46	110	184	34	1258
GTEX.14BMV.3126	87	397	542	187	0	22	8	187	24	60	0	25	51	0	8	8	143	47	203	0	15	36	92	21	43	7	708	0	136	26	134	152
GTEX.14C39.2926	891	18	467	284	1	61	32	85	61	62	15	0	88	40	149	5	0	1111	6	121	11	50	0	9	5	759	1	0	23	314	106	30
GTEX.14C5O.3126	21	1	17	159	7	35	91	31	8	8	7	0	127	9	20	1	9	70	185	9	19	38	162	7	1	21	0	5	183	10	182	3
GTEX.14DAQ.3226	351	0	100	6	0	36	3	43	89	96	0	0	4	0	2	6	136	34	28	34	1	2	72	3	642	22	0	0	34	0	18	985
GTEX.14E7W.3126	50	455	317	265	1	207	127	39	15	212	5	15	141	436	14	9	332	106	90	154	92	84	55	61	110	26	32	46	49	191	104	156
GTEX.14JG1.3126	58	0	81	588	0	91	22	14	0	21	0	0	190	0	18	0	4	95	453	19	0	1	28	1	0	6	0	1	20	113	108	2
GTEX.14LLW.3026	21	0	210	144	0	24	0	68	84	155	17	0	154	0	77	4	8	173	5	86	1	0	0	14	1	80	0	0	24	135	81	46
GTEX.14LZ3.3126	62	20	30	12	26	242	119	50	31	186	31	474	13	54	9	58	316	11	43	182	330	118	53	32	117	50	18	87	48	34	34	229
GTEX.14PJM.3226	29	133	201	4	0	122	29	24	52	18	11	18	12	0	9	1	0	152	1	118	63	20	0	16	21	66	57	3	0	29	19	637
GTEX.14PN4.3226	4	0	1	5	2	30	45	51	2	23	0	0	74	66	10	1	22	0	81	1	6	43	42	27	3	0	1	15	26	1	239	2
GTEX.14PQA.3126	114	53	40	4	0	37	69	162	56	50	1	13	3	6	6	16	320	13	117	1	15	47	886	40	1487	21	0	32	147	0	88	369
GTEX.15CHQ.3126	20	0	108	251	0	44	26	4	1	49	10	0	114	3	20	5	125	38	120	9	0	14	297	2	51	25	0	0	89	106	33	7
GTEX.15D79.3126	522	43	169	68	22	54	138	92	269	207	0	17	107	83	17	8	157	397	88	30	64	146	21	13	60	21	339	61	29	303	70	190
GTEX.15DCD.3026	35	7	191	112	0	54	69	53	45	302	3	5	93	6	122	5	717	59	44	37	12	15	25	1	136	58	0	5	27	85	37	203
GTEX.15DDE.3226	10	23	89	54	0	80	7	376	13	378	1	813	74	0	25	28	312	46	53	153	77	54	16	170	17	1	141	22	21	201	17	5
GTEX.15EO6.3126	29	236	1	25	14	29	137	98	28	60	0	33	18	190	13	8	162	0	249	0	39	85	297	6	96	2	24	21	95	0	133	22
GTEX.15ER7.3226	311	20	6	24	0	34	35	442	3	30	101	3	13	6	168	31	10	219	132	0	28	19	254	129	52	295	32	0	516	0	100	355
GTEX.15G19.3026	53	0	266	251	0	44	45	27	0	179	0	0	132	2	17	19	291	19	85	8	0	1	41	14	11	8	0	2	58	191	181	25
GTEX.15UF6.3126	0	147	125	174	3	210	61	56	2	203	15	660	88	41	255	0	31	199	4	236	187	44	0	44	3	112	22	3	19	552	40	9
GTEX.16GPK.3126	119	30	25	152	12	136	126	56	34	161	2	104	228	78	59	1	147	108	218	100	77	54	200	32	44	4	11	31	70	63	67	26
GTEX.16NPV.3226	105	0	0	7	1	25	0	79	284	37	0	0	112	0	199	85	99	13	126	9	0	1	37	38	26	97	0	0	154	2	306	1
GTEX.16XZZ.3126	0	117	39	41	2	75	76	149	0	11	0	354	27	0	1	0	0	530	1	96	105	97	0	61	0	13	110	16	0	100	36	0
GTEX.16YQH.3126	49	68	12	4	2	118	131	189	8	29	555	173	3	266	59	13	0	210	0	84	392	129	1	79	9	51	45	39	30	3	23	206
GTEX.16Z82.3126	40	35	4	5	55	83	74	106	46	103	501	11	6	100	103	413	27	9	3	25	90	113	1	23	77	260	11	28	118	48	39	340
GTEX.17EVP.3126	573	251	98	44	0	60	25	158	117	58	0	86	65	0	14	0	18	255	74	30	127	27	36	64	7	0	62	17	27	56	92	18
GTEX.17EVQ.2926	35	120	303	35	142	74	298	193	0	164	1	57	20	441	11	3	284	30	182	10	97	200	188	53	72	14	124	45	66	23	116	155
GTEX.17HG3.3026	103	193	135	192	65	108	228	325	32	55	0	31	186	76	39	9	7	200	132	70	601	226	64	36	1	37	240	52	34	488	166	6
GTEX.17HHY.3126	6	638	1	73	4	33	178	125	0	8	0	12	144	42	3	0	2	5	271	4	25	115	52	38	0	0	133	20	26	5	530	0
GTEX.17HII.3126	108	7	333	236	0	17	8	84	101	61	9	0	237	0	108	4	11	272	112	25	0	0	6	3	7	452	0	0	68	113	142	75
GTEX.18465.3126	136	1	35	46	0	74	26	20	26	219	0	0	377	0	27	0	108	106	555	58	6	8	214	21	5	4	0	5	48	14	232	15
GTEX.18A6Q.3026	73	152	159	227	4	399	109	165	29	72	5	1117	69	23	22	11	67	102	99	69	334	127	58	71	80	236	24	53	49	473	72	154
GTEX.1A32A.3226	0	5	1	43	0	35	11	7	0	6	15	0	129	0	31	0	0	16	18	131	23	9	1	1	0	3	0	0	0	52	100	2
GTEX.1A3MW.3226	21	27	10	123	0	20	2	6	1	57	0	1	417	0	34	0	0	219	28	93	7	13	0	0	0	11	25	0	9	73	71	0
GTEX.1A3MX.3126	537	78	144	200	0	36	5	6	44	303	6	23	80	0	33	53	108	611	37	122	5	4	6	15	47	144	2	2	64	154	39	467
GTEX.1A8FM.3126	42	67	0	1	14	492	215	105	6	296	567	1737	1	90	724	2082	75	1	8	295	771	252	74	152	102	92	16	73	501	3	20	138
GTEX.1A8G6.3026	221	823	62	370	279	62	127	365	32	79	8	147	93	169	134	3	18	263	142	3	179	147	254	88	12	153	551	181	152	30	114	45
GTEX.1A8G7.2926	1	242	28	8	2	189	105	213	116	586	544	210	79	24	290	183	629	125	189	229	99	22	393	126	389	114	19	44	189	43	149	550
GTEX.1AX9I.3126	69	85	28	14	0	265	94	118	70	54	174	467	16	18	193	281	26	299	1	220	215	52	2	42	79	235	16	8	70	63	45	130
GTEX.1B8L1.3126	1	23	0	1	0	70	29	28	4	1	4	0	168	0	127	5	0	0	9	15	19	4	5	9	0	22	4	3	169	4	177	0
GTEX.1B8SG.1826	0	13	0	1	0	54	41	16	22	5	4	11	38	1	392	24	2	0	89	8	57	41	319	4	0	6	4	12	747	3	87	0
GTEX.1B933.2926	87	2	174	39	20	69	70	42	387	187	60	3	57	93	13	9	58	251	69	443	120	108	23	15	21	16	0	32	54	176	42	105
GTEX.1B996.3026	529	468	568	286	0	109	40	152	70	142	2	22	238	0	57	3	57	482	158	41	34	13	32	40	154	387	108	12	79	49	187	663
GTEX.1BAJH.2926	49	30	7	6	278	365	319	11	95	93	2472	1858	3	538	432	219	0	97	1	366	245	305	0	85	3	341	110	354	44	8	3	158
GTEX.1C64N.3226	7	64	0	1	68	118	90	27	96	10	1417	867	0	50	282	186	0	11	1	129	187	103	2	13	0	364	120	44	143	11	15	4
GTEX.1C6VQ.3126	4	126	9	54	1	114	104	146	1	45	66	208	145	36	607	10	1	144	17	123	45	26	1	10	0	78	85	12	130	55	80	11
GTEX.1C6VR.3126	10	65	1	26	7	59	70	76	1	32	4	41	50	46	177	6	11	4	101	23	79	70	155	11	5	6	20	8	527	5	44	2
GTEX.1C6VS.2926	31	276	549	111	75	273	74	76	148	1579	868	1058	42	80	186	543	124	423	3	1112	98	184	0	33	14	479	384	22	3	1466	32	723
GTEX.1C6WA.2926	0	1	0	1	1	360	107	173	584	319	516	1	86	3	1212	142	16	4	30	545	77	64	1	19	1	70	0	33	161	13	153	8
GTEX.1CB4G.3126	17	363	0	1	8	63	102	99	13	39	17	551	26	52	160	35	10	17	17	44	361	124	29	29	2	26	749	24	61	2	30	3
GTEX.1CB4H.3226	14	275	25	151	9	212	217	154	13	158	52	172	107	168	138	85	168	45	108	61	392	114	477	29	81	23	68	53	660	63	100	24
GTEX.1CB4J.3126	5	48	4	11	33	284	51	1225	28	87	1736	693	6	22	1209	1126	43	27	3	94	224	179	0	191	173	1499	36	328	418	93	36	165
GTEX.1E2YA.3126	13	37	21	27	0	35	6	200	1	103	119	188	6	0	50	55	353	22	24	32	29	4	144	129	350	20	18	2	92	13	17	253
GTEX.1EH9U.3226	21	77	7	13	0	86	141	136	1	24	0	5	61	2	0	1	75	7	305	2	94	43	165	11	60	2	1	14	93	0	271	17
GTEX.1EKGG.3026	140	125	7	12	208	175	119	78	104	119	1256	1122	3	76	442	1022	10	81	4	63	135	105	48	137	167	281	200	68	394	24	18	391
GTEX.1EMGI.2926	15	37	11	47	26	336	71	59	12	54	712	1859	9	61	427	163	92	97	20	423	353	152	202	77	292	1577	68	32	750	303	52	128
GTEX.1EN7A.3126	50	224	7	117	0	58	38	106	17	23	0	82	540	18	375	16	1	97	110	30	42	25	17	20	0	21	2	17	125	91	151	0
GTEX.1EU9M.3026	275	158	0	3	136	352	242	252	201	344	621	754	47	124	817	447	72	110	20	119	366	111	20	197	206	137	304	146	444	3	97	152
GTEX.1EWIQ.3226	122	13	2	2	1	79	16	101	229	148	1250	2	4	0	275	1223	143	4	5	82	137	16	101	25	419	77	0	6	425	0	56	160
GTEX.1EX96.2926	1	159	3	5	0	117	9	85	13	1009	970	302	17	1	891	935	570	1	7	236	81	5	20	11	36	213	79	16	88	105	87	59
GTEX.1F48J.2926	80	0	18	2	2	63	5	29	75	33	1911	0	3	1	270	861	2	55	0	79	134	16	3	17	92	751	0	0	67	19	15	80
GTEX.1F52S.3226	5	267	191	36	2	122	70	63	86	59	1	183	71	67	55	13	80	119	1	218	82	85	2	62	5	95	103	15	5	533	40	23
GTEX.1F6I4.3226	1	2	1	5	0	127	10	45	19	3	7	269	44	0	86	0	0	11	3	42	91	10	0	35	0	8	0	18	6	3	51	3
GTEX.1F6IF.2926	15	72	12	7	19	261	51	126	328	690	979	490	11	54	513	752	14	107	2	758	78	90	0	27	6	359	48	61	69	133	6	334
GTEX.1F75B.3126	5	27	0	0	0	203	11	36	142	116	284	343	1	0	96	1217	134	3	2	213	97	51	13	53	142	82	2	118	34	13	11	21
GTEX.1F7RK.1726	189	3	0	0	6	105	62	133	334	45	107	2	36	107	1023	2761	24	18	5	54	34	105	27	28	25	453	0	23	851	24	81	13
GTEX.1F88E.2926	18	136	2	1	119	72	115	145	260	253	228	361	3	160	388	1359	113	4	2	8	191	125	1	25	114	130	30	18	26	1	33	13
GTEX.1F88F.3226	216	185	746	39	74	377	111	42	34	196	98	112	34	105	78	37	18	291	15	198	172	134	9	53	20	441	46	21	18	176	29	284
GTEX.1GF9V.3126	294	257	18	69	39	82	151	86	98	78	8	30	11	211	35	12	201	42	56	6	38	155	148	35	53	10	160	49	140	4	57	24
GTEX.1GF9W.2826	363	480	237	46	149	186	411	156	6	195	16	131	142	136	13	6	109	405	265	261	241	238	1342	24	71	34	150	16	60	83	152	30
GTEX.1GMR8.3126	29	25	195	119	9	418	98	51	86	706	7	355	78	18	120	35	615	61	55	136	83	45	235	40	213	34	302	46	9	333	84	77
GTEX.1GMRU.3126	155	435	83	111	45	193	155	73	178	153	91	14	97	147	70	181	61	260	0	679	199	249	1	24	13	117	364	15	8	498	17	37
GTEX.1GN1U.3226	43	47	18	33	0	164	44	49	9	89	101	298	51	0	145	240	73	42	40	190	212	15	119	26	56	108	85	51	227	41	80	33
GTEX.1GN1V.3026	5	0	9	31	0	101	81	101	123	93	311	0	12	9	200	614	9	313	0	49	33	35	1	9	0	296	0	1	45	85	24	43
GTEX.1GN2E.2926	36	87	77	617	217	162	245	222	56	40	6	94	339	736	172	0	2	785	67	181	173	282	0	157	0	264	275	146	3	697	99	0
GTEX.1GN73.2926	44	43	66	4	7	363	166	74	284	159	2548	750	11	81	67	15	6	377	9	599	158	70	18	45	19	662	52	136	186	18	56	790
GTEX.1GPI6.2126	134	45	70	129	4	87	109	81	7	223	1	0	215	108	23	7	198	53	306	31	11	51	327	6	16	4	6	4	18	123	167	3
GTEX.1GTWX.3126	127	83	4	46	55	138	245	176	13	155	143	144	73	261	225	51	249	70	188	99	194	120	507	28	187	53	13	26	769	8	253	96
GTEX.1GZ2Q.3126	2	3	1	12	1	104	40	1	24	8	0	0	240	0	1	1	2	4	265	6	6	14	48	8	0	1	8	3	43	5	215	0
GTEX.1GZ4I.3126	31	27	28	46	0	58	1	112	2	143	53	3	135	0	204	66	30	59	92	33	36	1	31	8	13	41	8	0	352	27	119	43
GTEX.1GZHY.3226	16	73	1	14	10	390	80	125	6	11	500	1024	6	25	492	127	0	31	8	193	1823	104	2	212	0	244	10	28	95	26	18	0
GTEX.1H23P.3026	4	48	0	3	0	88	41	109	2	50	125	235	11	1	44	136	3	1	53	22	153	16	11	30	10	93	3	0	393	0	60	40
GTEX.1H3NZ.3126	25	147	10	3	205	33	206	298	50	22	0	213	0	127	1	7	76	0	43	0	179	152	46	65	604	8	865	65	47	0	37	249
GTEX.1H3O1.1626	6	2	2	6	40	176	182	199	0	59	3	0	88	41	48	4	46	5	333	14	74	79	479	24	34	3	0	33	228	0	374	28
GTEX.1H3VE.2626	32	57	285	17	0	83	26	30	10	382	182	172	20	3	29	184	615	73	81	47	38	15	152	36	352	127	29	17	68	21	82	674
GTEX.1H4P4.2626	0	0	1	221	0	72	49	15	3	5	0	0	486	0	10	0	0	103	9	56	0	19	0	2	0	4	0	1	0	99	141	0
GTEX.1HB9E.3026	32	102	45	79	38	374	111	60	6	127	292	56	139	34	128	137	11	19	19	361	56	64	44	85	41	359	9	24	374	256	186	125
GTEX.1HBPH.3226	10	463	0	0	16	376	238	127	155	54	611	796	8	108	316	318	5	8	7	274	458	166	12	56	33	194	20	63	179	0	116	308
GTEX.1HCU6.3226	1	442	30	178	2	122	237	306	5	9	221	577	76	81	317	1	0	189	23	69	215	103	56	48	0	177	320	3	128	96	158	0
GTEX.1HFI6.2926	30	37	0	165	33	125	223	198	24	86	29	106	175	109	1067	226	256	11	82	35	273	111	288	25	150	173	38	5	798	56	436	26
GTEX.1HGF4.2926	8	0	22	7	0	42	3	13	2	64	18	0	90	0	49	3	35	21	173	9	4	0	286	4	18	10	0	1	156	10	140	40
GTEX.1HR98.3126	3	170	0	0	2	109	76	76	10	27	48	104	19	23	138	264	43	0	45	7	56	56	165	3	41	26	0	2	624	2	69	0
GTEX.1HR9M.2926	123	0	159	12	2	179	144	82	136	553	62	0	11	101	19	89	1200	30	92	439	482	165	294	30	563	13	0	29	125	95	36	257
GTEX.1HSKV.3126	226	755	1	2	6	475	244	190	404	282	2922	620	1	246	200	684	150	111	9	405	489	170	308	142	456	433	221	288	603	17	13	1067
GTEX.1HSMO.3126	0	47	0	0	0	215	59	262	73	58	59	744	1	1	513	249	0	1	0	16	490	29	0	169	0	94	52	21	87	0	86	0
GTEX.1HT8W.3126	16	17	0	2	1	137	122	49	206	38	18	77	73	13	452	492	73	1	11	10	84	20	150	34	99	31	0	83	564	5	213	0
GTEX.1I19N.3126	83	24	378	90	0	45	14	67	5	136	4	1	54	1	42	31	39	35	28	8	2	1	9	1	16	67	27	1	148	68	16	61
GTEX.1I1GP.3126	256	121	13	7	81	131	14	68	5	43	829	206	6	49	149	126	7	99	1	222	58	53	9	107	38	190	42	13	98	19	14	94
GTEX.1I1GQ.3126	2	4	106	3	0	156	25	16	234	129	517	291	5	68	8	49	79	24	76	257	153	58	584	54	137	43	6	173	99	28	15	625
GTEX.1I1GR.3026	0	148	1	52	1	182	346	73	6	18	0	39	29	65	4	0	1	63	33	155	582	79	9	28	2	3	98	17	0	35	73	1
GTEX.1I1GS.3226	1	0	0	3	2	79	225	251	3	16	1	0	68	49	120	12	15	0	91	4	51	54	174	28	17	6	0	135	362	1	832	0
GTEX.1I1GV.2926	122	234	467	117	56	232	295	261	41	145	5	111	81	244	15	3	206	143	115	173	116	142	207	41	141	52	309	72	41	1148	70	137
GTEX.1I1HK.2626	0	95	0	5	137	96	203	86	24	0	682	333	2	419	132	2	0	8	0	90	253	251	0	80	0	322	343	380	0	19	2	0
GTEX.1ICLZ.2926	0	4	3	6	1	238	146	208	2	26	603	53	28	12	469	18	1	0	41	108	132	63	0	11	0	221	3	8	85	51	126	1
GTEX.1IDFM.2926	8	211	7	9	23	139	75	227	83	587	143	92	62	1	162	349	346	1	67	285	20	40	16	15	11	11	230	10	76	125	83	28
GTEX.1IDJH.2926	71	2	45	8	4	127	59	176	35	50	230	2	17	134	57	107	42	412	32	36	176	142	247	32	325	135	0	10	109	23	68	372
GTEX.1IGQW.2926	109	178	37	19	0	52	29	67	3	191	0	20	64	6	4	12	345	19	567	24	5	14	655	6	35	0	10	2	47	13	105	23
GTEX.1IKJJ.3126	157	1030	496	691	2	398	270	165	46	253	12	220	261	220	78	19	42	804	354	130	150	84	102	46	32	127	258	74	198	192	153	405
GTEX.1IKK5.2826	1	33	4	21	6	170	353	67	10	39	6	191	22	276	26	10	90	8	112	49	1963	127	172	204	294	32	5	497	94	16	37	18
GTEX.1IKOH.2926	46	475	80	85	202	613	560	50	587	376	11	413	207	414	64	49	538	70	31	322	407	276	9	142	210	67	238	379	19	118	85	350
GTEX.1IOXB.2926	163	147	440	312	0	153	35	75	7	139	0	144	161	1	6	0	32	405	467	169	174	71	79	42	2	21	32	9	24	237	184	27
GTEX.1IY9M.3226	0	1	0	76	24	76	178	137	0	0	0	0	217	171	0	0	0	0	512	1	21	52	82	65	0	0	0	44	13	6	600	0
GTEX.1J1OQ.3026	304	9	1252	197	3	288	33	88	54	528	10	8	177	100	38	57	138	390	108	256	61	102	56	78	21	45	14	38	69	261	80	244
GTEX.1J8EW.3126	57	213	126	52	11	205	427	169	7	51	0	27	44	94	3	0	13	153	141	36	1104	144	112	64	95	4	46	57	70	10	237	167
GTEX.1JJ6O.2926	140	901	334	30	9	141	56	214	139	414	2	128	23	60	54	22	712	138	167	143	56	61	70	77	1635	133	738	37	104	75	120	707
GTEX.1JJE9.2826	1	134	10	65	64	289	1279	311	7	30	0	95	145	873	9	0	5	87	627	191	761	791	165	208	1	0	41	166	22	50	361	7
GTEX.1JJEA.3026	7	3	129	391	2	154	259	46	2	13	1	0	230	104	7	0	3	341	225	60	60	100	32	8	0	28	0	3	9	139	279	6
GTEX.1JMLX.2826	526	20	623	69	17	181	27	21	10	251	2	9	106	22	2	0	255	408	132	336	10	39	241	33	390	9	47	1	20	135	31	443
GTEX.1JMOU.2626	347	0	75	22	2	64	15	293	91	443	14	0	42	10	232	12	909	499	266	52	23	43	875	66	298	26	0	2	296	11	36	119
GTEX.1JMPZ.2926	649	0	223	237	2	112	0	9	1910	39	48	0	61	0	222	47	0	997	29	47	1	13	5	135	8	378	0	209	384	76	97	53
GTEX.1JMQJ.2926	132	45	63	0	89	228	72	148	157	224	1441	1165	0	74	131	1597	126	9	0	334	41	194	6	41	182	488	99	40	16	82	5	561
GTEX.1JMQK.2826	71	152	26	103	17	440	1330	67	8	136	5	611	235	542	47	3	171	59	209	122	1049	384	448	110	184	12	308	41	58	12	103	91
GTEX.1JMQL.3026	382	299	13	10	1	250	156	187	33	758	262	3	64	9	541	1759	166	66	194	185	157	61	36	144	42	12	3	17	220	49	277	143
GTEX.1JN1M.3326	151	1	41	16	0	16	0	36	4	132	450	0	36	0	131	139	13	243	39	38	7	2	29	3	23	70	0	0	156	8	67	271
GTEX.1JN6P.3226	31	29	6	545	1	211	222	47	17	75	2	0	703	37	254	17	12	46	509	86	67	96	53	13	0	0	0	2	259	147	127	0
GTEX.1KANB.3126	479	4	208	125	20	258	206	96	2	283	55	0	169	329	63	13	233	615	464	107	17	125	531	22	108	94	1	10	46	52	89	299
GTEX.1KD5A.2526	0	365	0	0	28	3	159	75	0	0	0	244	1	175	4	0	0	0	0	0	82	113	0	23	0	0	230	25	0	0	27	0
GTEX.1KWVE.2126	823	0	415	164	0	80	8	25	292	159	7	0	91	0	35	16	149	417	89	107	5	10	23	17	264	111	0	46	66	42	115	260
GTEX.1LB8K.2926	119	5	189	529	2	96	96	66	12	167	105	0	566	87	221	8	15	238	238	229	12	30	6	3	0	17	0	8	118	256	215	71
GTEX.1LG7Y.2926	16	318	6	147	76	112	100	185	5	43	1	70	958	187	197	32	3	14	443	28	62	137	197	87	0	6	545	132	366	108	520	0
GTEX.1LH75.3026	297	18	21	0	1	16	1	109	158	33	5	97	2	0	13	4	61	82	50	1	26	5	44	33	243	51	57	35	63	0	35	588
GTEX.1LKK1.3026	108	470	141	66	44	188	317	66	31	60	244	76	100	155	126	142	1	139	19	26	64	100	0	145	21	1028	86	80	114	145	347	24
GTEX.1LSVX.2626	859	60	415	75	0	59	38	79	103	471	5	27	50	16	18	185	1196	6	189	19	32	12	218	12	569	24	1	11	199	92	99	249
GTEX.1MA7X.2326	314	191	34	83	0	40	33	146	52	83	0	3	102	0	65	38	123	124	34	13	65	55	47	47	137	35	381	1	91	52	39	20
GTEX.1MCQQ.2426	53	1	46	102	42	226	127	44	80	121	465	1	39	236	1016	119	1	1006	2	195	88	162	1	6	0	544	0	25	218	76	24	94
GTEX.1N2EE.2926	579	367	262	286	104	237	165	106	164	109	45	6	77	184	186	41	25	1223	38	67	39	102	4	48	29	966	1068	175	324	267	113	87
GTEX.1N2EF.3026	34	0	15	65	0	49	13	102	0	23	0	0	108	0	7	0	7	64	303	9	0	0	21	4	0	6	0	3	35	9	274	3
GTEX.1N5O9.2826	130	534	610	80	37	476	427	62	224	572	139	47	44	78	106	35	99	819	9	951	413	158	1	82	27	361	261	194	25	812	109	1146
GTEX.1NV5F.3026	11	1	534	42	8	88	177	58	140	1179	12	0	65	233	198	107	1677	37	64	66	27	118	38	19	719	93	0	16	77	200	92	756
GTEX.1NV8Z.2926	369	125	247	50	16	365	241	251	506	888	67	126	116	53	212	511	394	92	133	406	94	50	67	23	105	203	104	49	307	348	134	101
GTEX.1O9I2.2926	73	16	613	105	0	213	96	41	2	658	99	0	82	17	283	39	149	115	195	119	61	95	168	3	13	20	2	1	234	373	48	99
GTEX.1OJC4.3026	218	1	145	148	23	107	258	231	117	415	11	1	311	90	111	68	409	164	258	110	61	128	329	59	108	27	0	8	279	232	157	107
GTEX.1PBJI.2726	4	1	0	14	0	44	4	63	190	14	1953	0	12	0	736	218	1	9	5	119	29	5	1	8	0	123	0	1	78	20	32	3
GTEX.1PIIG.2626	499	26	1355	97	1	100	6	6	6	41	19	177	10	12	1	0	32	476	44	148	33	1	656	135	183	88	29	24	15	422	69	267
GTEX.1POEN.2826	430	157	16	55	0	77	62	139	100	93	5	6	108	0	45	11	36	54	148	37	9	24	170	12	17	98	116	4	220	8	183	40
GTEX.1PPGY.2926	288	0	964	135	1	80	19	54	350	231	476	0	39	0	161	292	33	714	10	315	13	27	0	17	31	310	0	2	131	645	75	408
GTEX.1PWST.2926	86	1	998	460	1	295	146	79	5	64	1	0	87	35	0	0	22	116	536	67	12	26	195	27	18	19	0	23	19	243	183	33
GTEX.1QEPI.2926	0	0	1	105	13	121	150	27	9	2	59	0	143	120	513	0	0	491	0	712	80	103	0	14	0	105	0	16	3	236	49	0
GTEX.1QMI2.3026	6	80	3	137	52	77	120	28	1	47	0	1	318	196	7	0	17	6	361	34	10	74	41	5	0	1	14	4	24	8	246	0
GTEX.1QP6S.3126	150	243	143	212	1	148	89	69	24	78	7	24	324	0	51	2	51	247	270	120	96	8	240	11	5	56	311	5	127	97	236	39
GTEX.1R46S.2926	471	0	191	5	0	72	23	43	52	310	472	0	10	0	92	235	183	197	32	141	29	6	229	13	425	390	0	11	118	15	22	1096
GTEX.1R9K4.2926	23	30	109	79	0	383	16	114	14	468	10	58	94	0	72	53	96	10	35	213	160	6	9	42	45	316	1	17	48	43	101	19
GTEX.1RAZS.2926	123	293	478	158	286	243	195	244	106	1494	53	281	91	181	107	18	992	255	88	744	128	212	82	92	61	13	691	145	50	510	38	291
GTEX.1S5VW.3026	89	132	60	532	18	306	464	128	0	156	16	34	470	114	122	2	44	127	369	287	323	123	41	71	2	65	14	175	87	1431	274	0
